url,doc_id,title,audience,category,language,document_version,license_or_permission
https://help.shopee.vn/portal/4/article/77251,shopee-return-refund-policy-buyer,Chính sách trả hàng và hoàn tiền Shopee dành cho Người Mua,buyer,return-refund-policy,vi,effective-2026-03-11,public-source
https://help.shopee.vn/portal/4/article/77251,shopee-return-refund-policy-seller,Chính sách trả hàng và hoàn tiền Shopee dành cho Người Bán,seller,return-refund-policy,vi,effective-2026-03-11,public-source
https://help.shopee.vn/portal/4/article/188931,general-return-refund-rules,Quy định chung về trả hàng và hoàn tiền Shopee,buyer,eligibility-and-deadlines,vi,not-stated,public-source
https://help.shopee.vn/portal/4/article/189473,refund-methods-and-timing,Thời gian nhận tiền hoàn và cách kiểm tra tiền hoàn,buyer,refund-timing,vi,not-stated,public-source
https://help.shopee.vn/portal/4/article/189477,return-shipping-and-fees,Các phương thức gửi hàng hoàn trả và phí hoàn trả,buyer,return-shipping-fees,vi,not-stated,public-source
https://help.shopee.vn/portal/4/article/79233,submit-return-refund-request,Hướng dẫn gửi yêu cầu trả hàng hoặc hoàn tiền,buyer,request-procedure,vi,not-stated,public-source
https://help.shopee.vn/portal/4/article/79467,return-refund-evidence,Hướng dẫn chuẩn bị bằng chứng trả hàng hoàn tiền,buyer,evidence,vi,not-stated,public-source
https://help.shopee.vn/portal/4/article/190242,shopee-review-process,Quy trình Shopee xử lý yêu cầu trả hàng hoàn tiền,buyer,resolution-process,vi,not-stated,public-source
https://help.shopee.vn/portal/4/article/79508,pack-return-parcel,Cách đóng gói đơn hàng hoàn trả,buyer,return-packaging,vi,not-stated,public-source
